{
    "missing": {
        "VendorID": 38.8548350479741,
        "lpep_pickup_datetime": 0.0,
        "lpep_dropoff_datetime": 0.0,
        "store_and_fwd_flag": 38.8548350479741,
        "RatecodeID": 38.8548350479741,
        "PULocationID": 0.0,
        "DOLocationID": 0.0,
        "passenger_count": 38.8548350479741,
        "trip_distance": 0.0,
        "fare_amount": 0.0,
        "extra": 0.0,
        "mta_tax": 0.0,
        "tip_amount": 0.0,
        "tolls_amount": 0.0,
        "ehail_fee": 100.0,
        "improvement_surcharge": 0.0,
        "total_amount": 0.0,
        "payment_type": 38.8548350479741,
        "trip_type": 38.8548350479741,
        "congestion_surcharge": 38.8548350479741
    },
    "outliers": 6892,
    "schema_issues": {},
    "insights": {
        "avg_fare": 20.388304596671087,
        "max_distance": 260517.93,
        "total_trips": 83691
    },
    "llm_summary": "OLOcationID: 0.0, Passenger_count: 38.8548350479741, trip_distance: 0.0, fare_amount: 0.0, extra: 0.0, mta_tax: 0.0, tip_amount: 0.0, tolls_amount: 0.0, ehail_fee: 100.0, improvement_surcharge: 0.0, total_amount: 0.0, payment_type: 38.8548350479741, trip_type: 38.8548350479741, congestion_surcharge: 38.8548350479741, outliers: 6892"
}